{
  "project_info": {
    "project_number": "466565487311",
    "firebase_url": "https://flirtbak-4c207.firebaseio.com",
    "project_id": "flirtbak-4c207",
    "storage_bucket": "flirtbak-4c207.appspot.com"
  },
  "client": [
    {
      "client_info": {
        "mobilesdk_app_id": "1:466565487311:android:89cbb6d34de96620f5f5ba",
        "android_client_info": {
          "package_name": "com.newstroopp.flirtbak"
        }
      },
      "oauth_client": [
        {
          "client_id": "466565487311-jful8u873vvkfgmgup64utkcg3o7frkv.apps.googleusercontent.com",
          "client_type": 3
        }
      ],
      "api_key": [
        {
          "current_key": "AIzaSyDAzl3XjbBlU_KoW4fv-jOjz_CqGVryhfM"
        }
      ],
      "services": {
        "appinvite_service": {
          "other_platform_oauth_client": [
            {
              "client_id": "466565487311-jful8u873vvkfgmgup64utkcg3o7frkv.apps.googleusercontent.com",
              "client_type": 3
            },
            {
              "client_id": "466565487311-il6eo0pc9m1nshasod6fl13bdhfb8h50.apps.googleusercontent.com",
              "client_type": 2,
              "ios_info": {
                "bundle_id": "com.newstroopp.flirtbak"
              }
            }
          ]
        }
      }
    }
  ],
  "configuration_version": "1"
}